Phase (rad),Phase (deg),Transmission,Predicted Width (nm),Predicted Height (nm)
0.0,0.0,0.6743498390607743,157.60577,405.27512
0.7853981633974483,45.0,0.6743498390607743,156.30766,411.70532
1.5707963267948966,90.0,0.6743498390607743,154.40044,422.8289
2.356194490192345,135.0,0.6743498390607743,160.16698,431.13516
3.141592653589793,180.0,0.6743498390607743,159.50168,339.23123
3.9269908169872414,225.0,0.6743498390607743,164.28714,317.7434
4.71238898038469,270.0,0.6743498390607743,166.14917,344.8338
5.497787143782138,315.0,0.6743498390607743,161.09767,375.67365
6.283185307179586,360.0,0.6743498390607743,160.5373,397.1177
